{
  "baseline_mean": -1.8876290321350098,
  "best_layer": 20,
  "best_score": 0.957080602645874,
  "improvement": 2.844709634780884,
  "all_scores": [
    -1.445691466331482,
    -1.503025770187378,
    -1.7557318210601807,
    -1.7308034896850586,
    -1.7802166938781738,
    -1.5559251308441162,
    -1.5717546939849854,
    -1.69277822971344,
    -1.7554148435592651,
    -1.8665460348129272,
    -1.7766616344451904,
    -1.6391228437423706,
    -1.8052053451538086,
    -1.4523205757141113,
    -1.2353159189224243,
    -1.4304215908050537,
    -1.5498778820037842,
    -1.4008346796035767,
    -0.2124200463294983,
    -0.04393898695707321,
    0.957080602645874,
    0.8333179950714111,
    0.19204388558864594,
    -0.10424306988716125,
    -0.48031875491142273,
    -1.0559899806976318,
    -0.9293119311332703,
    -1.1812957525253296,
    -1.2403334379196167,
    -1.342714786529541,
    -1.744258999824524,
    -1.6647464036941528,
    -1.5952153205871582,
    -1.9370070695877075,
    -2.1011645793914795,
    -2.144869565963745
  ]
}