{
  "baseline_mean": -1.0389922857284546,
  "best_layer": 23,
  "best_score": 0.14900434017181396,
  "improvement": 1.1879966259002686,
  "all_scores": [
    -1.1958692073822021,
    -0.8795998096466064,
    -1.0056819915771484,
    -0.9737670421600342,
    -0.9394077658653259,
    -0.8513575792312622,
    -0.6766668558120728,
    -0.7629885673522949,
    -0.8081881403923035,
    -0.8041999340057373,
    -0.8317419290542603,
    -0.961851179599762,
    -0.8572045564651489,
    -0.776439368724823,
    -0.7173992991447449,
    -0.7205328345298767,
    -0.6344742178916931,
    -0.6428727507591248,
    -0.2577374577522278,
    -0.1738021820783615,
    -0.02679092437028885,
    -0.08964402973651886,
    -0.03313492238521576,
    0.14900434017181396,
    -0.15095023810863495,
    -0.04170538857579231,
    0.1486925333738327,
    -0.13376177847385406,
    -0.11806781589984894,
    -0.049006346613168716,
    -0.3967795968055725,
    -0.3024316132068634,
    -0.3604069948196411,
    -0.5361641645431519,
    -0.721110463142395,
    -0.9061189293861389
  ]
}