{
  "baseline_mean": -0.06094617769122124,
  "best_layer": 14,
  "best_score": 1.3029552698135376,
  "improvement": 1.3639014475047588,
  "all_scores": [
    0.14502812922000885,
    0.07044269144535065,
    -0.05859430134296417,
    0.14250428974628448,
    0.18671344220638275,
    -0.08530069142580032,
    0.06331121176481247,
    -0.05298759415745735,
    0.2105485498905182,
    0.21585361659526825,
    0.3391838073730469,
    -0.1932654082775116,
    0.43875232338905334,
    0.6860395669937134,
    1.3029552698135376,
    1.1408696174621582,
    1.04157292842865,
    0.20165817439556122,
    0.5082716941833496,
    0.4371885657310486,
    0.3334774076938629,
    0.4803745448589325,
    0.09281865507364273,
    0.015439891256392002,
    -0.053777065128088,
    -0.021716365590691566,
    -0.0961216539144516,
    -0.06830325722694397,
    -0.0521516390144825,
    -0.11781198531389236,
    -0.06305259466171265,
    -0.043352775275707245,
    -0.07945382595062256,
    -0.13840411603450775,
    -0.13308215141296387,
    -0.0400434285402298,
    -0.13847720623016357,
    -0.2136131227016449,
    -0.19177119433879852,
    -0.4222624599933624
  ]
}