{
  "baseline_mean": -0.06083984300494194,
  "best_layer": 14,
  "best_score": 1.3026010990142822,
  "improvement": 1.3634409420192242,
  "all_scores": [
    0.14740833640098572,
    0.07291994243860245,
    -0.05968082323670387,
    0.14324408769607544,
    0.186800017952919,
    -0.08472490310668945,
    0.06470100581645966,
    -0.0541439987719059,
    0.21313612163066864,
    0.2144428938627243,
    0.3362877666950226,
    -0.19264712929725647,
    0.43915942311286926,
    0.6875430345535278,
    1.3026010990142822,
    1.140972375869751,
    1.0420644283294678,
    0.20217987895011902,
    0.5080603957176208,
    0.43597888946533203,
    0.3317599296569824,
    0.4798516631126404,
    0.09365871548652649,
    0.016454733908176422,
    -0.05278507247567177,
    -0.022363051772117615,
    -0.09580777585506439,
    -0.06732747703790665,
    -0.05225461721420288,
    -0.11888862401247025,
    -0.061920907348394394,
    -0.043280430138111115,
    -0.0788806676864624,
    -0.1385420709848404,
    -0.13200367987155914,
    -0.04012862965464592,
    -0.13919587433338165,
    -0.21540309488773346,
    -0.19134333729743958,
    -0.42108556628227234
  ]
}