{
  "baseline_mean": -0.5214902758598328,
  "best_layer": 13,
  "best_score": 2.179856538772583,
  "improvement": 2.7013468146324158,
  "all_scores": [
    -0.4087824821472168,
    -0.6180212497711182,
    -0.757660984992981,
    -0.4869556427001953,
    -0.3821737468242645,
    -0.14395107328891754,
    -0.3758067190647125,
    -0.5505200624465942,
    -0.27958056330680847,
    -0.32521146535873413,
    1.5073597431182861,
    1.3730331659317017,
    1.4785549640655518,
    2.179856538772583,
    1.7202324867248535,
    0.6914877891540527,
    0.35924628376960754,
    0.025649862363934517,
    -0.3319472372531891,
    -0.3630031645298004,
    -0.0749281644821167,
    -0.059729840606451035,
    -0.09395124018192291,
    -0.18574225902557373,
    -0.1507207453250885,
    -0.4177529811859131,
    -0.48207971453666687,
    -0.3990093171596527,
    -0.4327152967453003,
    -0.45432159304618835,
    -0.3753645122051239,
    -0.4235728085041046
  ]
}