{
  "baseline_mean": -0.5380317568778992,
  "best_layer": 13,
  "best_score": 2.19655442237854,
  "improvement": 2.734586179256439,
  "all_scores": [
    -0.41096487641334534,
    -0.6139253973960876,
    -0.7311319708824158,
    -0.49224722385406494,
    -0.37814033031463623,
    -0.1748407483100891,
    -0.3919457197189331,
    -0.54800945520401,
    -0.3089631199836731,
    -0.3486643135547638,
    1.478790283203125,
    1.368225336074829,
    1.4968616962432861,
    2.19655442237854,
    1.7230780124664307,
    0.6972601413726807,
    0.3453597128391266,
    0.0072328755632042885,
    -0.3328191936016083,
    -0.3739679753780365,
    -0.08469299226999283,
    -0.07663226872682571,
    -0.10085292905569077,
    -0.19130344688892365,
    -0.1638743132352829,
    -0.4278770983219147,
    -0.4914829134941101,
    -0.42214345932006836,
    -0.45110565423965454,
    -0.4576895833015442,
    -0.38056182861328125,
    -0.4300049841403961
  ]
}