{
  "baseline_mean": -0.7394993305206299,
  "best_layer": 18,
  "best_score": 1.5824624300003052,
  "improvement": 2.321961760520935,
  "all_scores": [
    -0.5308829545974731,
    -0.5256996750831604,
    -0.4217795431613922,
    -0.3441862165927887,
    -0.3292028605937958,
    -0.385765939950943,
    -0.6145368218421936,
    -0.8479183912277222,
    -0.1558026820421219,
    -0.28341296315193176,
    0.039546649903059006,
    -0.19943639636039734,
    0.13303589820861816,
    0.6328597068786621,
    0.606725811958313,
    -0.5208809971809387,
    0.2943776547908783,
    1.076831340789795,
    1.5824624300003052,
    0.35176336765289307,
    0.11872336268424988,
    -0.014807958155870438,
    0.12060302495956421,
    0.07069295644760132,
    -0.03557363525032997,
    -0.4871680438518524,
    -0.44915395975112915,
    -0.6974595189094543,
    -0.5978935360908508,
    -0.4097394347190857,
    -0.750727653503418,
    -0.697812557220459
  ]
}