{
  "baseline_mean": -0.7394968867301941,
  "best_layer": 18,
  "best_score": 1.581432819366455,
  "improvement": 2.320929706096649,
  "all_scores": [
    -0.530190646648407,
    -0.5242790579795837,
    -0.4219258427619934,
    -0.34424152970314026,
    -0.33178672194480896,
    -0.38422611355781555,
    -0.6147502064704895,
    -0.8477599024772644,
    -0.1540532261133194,
    -0.28516021370887756,
    0.038633059710264206,
    -0.20043179392814636,
    0.13175919651985168,
    0.6332000494003296,
    0.6075264811515808,
    -0.5234180092811584,
    0.29483744502067566,
    1.0744074583053589,
    1.581432819366455,
    0.3527996242046356,
    0.11845859885215759,
    -0.01667247712612152,
    0.12089256942272186,
    0.07098636776208878,
    -0.03661384433507919,
    -0.4876418113708496,
    -0.4497149884700775,
    -0.6980831623077393,
    -0.598415195941925,
    -0.41050809621810913,
    -0.7515392303466797,
    -0.6994454264640808
  ]
}