{
  "baseline_mean": -2.058152914047241,
  "best_layer": 17,
  "best_score": 4.2541656494140625,
  "improvement": 6.312318563461304,
  "all_scores": [
    -1.6904641389846802,
    -1.4617120027542114,
    -1.6089305877685547,
    -1.6428403854370117,
    -1.6199932098388672,
    -1.268959879875183,
    -1.4183216094970703,
    -1.529441237449646,
    -0.8743706941604614,
    -1.0820904970169067,
    -0.8932077884674072,
    -0.4907681941986084,
    0.32462185621261597,
    0.8504130244255066,
    0.7975635528564453,
    2.844444513320923,
    3.1866137981414795,
    4.2541656494140625,
    2.4208192825317383,
    -0.2535295784473419,
    0.3021361231803894,
    0.3514426350593567,
    -0.7367235422134399,
    -0.6879011988639832,
    -0.7058569192886353,
    -1.5777138471603394,
    -1.6853675842285156,
    -1.749068260192871
  ]
}