{
  "baseline_mean": -2.0296249389648438,
  "best_layer": 17,
  "best_score": 4.260003089904785,
  "improvement": 6.289628028869629,
  "all_scores": [
    -1.6268539428710938,
    -1.6096984148025513,
    -1.6122008562088013,
    -1.5302393436431885,
    -1.7229037284851074,
    -1.387614130973816,
    -1.4180669784545898,
    -1.4864476919174194,
    -0.9767155051231384,
    -1.1814937591552734,
    -0.9821808934211731,
    -0.5483198761940002,
    0.39978939294815063,
    0.9934588670730591,
    0.9271302819252014,
    2.842136859893799,
    3.2997426986694336,
    4.260003089904785,
    2.5334343910217285,
    -0.16235136985778809,
    0.39553728699684143,
    0.3798794746398926,
    -0.9118672013282776,
    -0.5818042755126953,
    -0.6491256356239319,
    -1.558095097541809,
    -1.7931514978408813,
    -1.798004150390625
  ]
}